id,title,description,availability,condition,price,link,image_link,additional_image_link,brand,product_type,custom_label_0,custom_label_1,custom_label_2,custom_label_3,custom_label_4
019df7c0-74a4-705f-a150-175b8fe4c73c,Zalando Gavekort — 8 % cashback,"Gavekort til Europas førende modeplatform
Glæd dig selv, eller en, du holder af, med et gavekort til Zalando - Europas førende modeplatform.",in stock,new,0.00 DKK,https://cashbackmedvisa.dk/find-partnere?filter[s]=Zalando%20Gavekort,https://cdn.jsdelivr.net/gh/anders-coder/cashback-meta-feed@main/images/zalando-gavekort_d94c82ed_1x1.jpg,"https://cdn.jsdelivr.net/gh/anders-coder/cashback-meta-feed@main/images/zalando-gavekort_d94c82ed_4x5.jpg,https://cdn.jsdelivr.net/gh/anders-coder/cashback-meta-feed@main/images/zalando-gavekort_d94c82ed_9x16.jpg",Zalando Gavekort,Mode,highest,8 %,Mode,online,08
01a0d2b3-a65d-731a-a5ec-ff8851d7cae0,Nord VPN — 25 % cashback,"NordVPN er en global cybersikkerhedstjeneste med fokus på privatliv, sikkerhed og frihed online. Tjenesten kombinerer VPN-teknologi med moderne sikkerhedsfunktioner og brugervenlige løsninger, der hjælper brugere med at beskytte deres…",in stock,new,0.00 DKK,https://cashbackmedvisa.dk/eshop/butikker/nord-vpn/01a0d2b3-a65d-731a-a5ec-ff8851d7cae0,https://cdn.jsdelivr.net/gh/anders-coder/cashback-meta-feed@main/images/nord-vpn_d3cabc89_1x1.jpg,"https://cdn.jsdelivr.net/gh/anders-coder/cashback-meta-feed@main/images/nord-vpn_d3cabc89_4x5.jpg,https://cdn.jsdelivr.net/gh/anders-coder/cashback-meta-feed@main/images/nord-vpn_d3cabc89_9x16.jpg",Nord VPN,Elektronik,highest,25 %,Elektronik,online,25
01a066b7-d952-72fe-8b5c-7d778f51c8eb,Trive — 15 % cashback,"TRIVE tilbyder TRIVECore™, et danskproduceret alt-i-én kosttilskud med greens, enzymer, kollagen, præbiotiske fibre samt 22 vitaminer og mineraler. Med én daglig scoop får du en praktisk kombination af næringsstoffer i en frisk citrusdrik…",in stock,new,0.00 DKK,https://cashbackmedvisa.dk/eshop/butikker/trive/01a066b7-d952-72fe-8b5c-7d778f51c8eb,https://cdn.jsdelivr.net/gh/anders-coder/cashback-meta-feed@main/images/trive_a4c5d458_1x1.jpg,"https://cdn.jsdelivr.net/gh/anders-coder/cashback-meta-feed@main/images/trive_a4c5d458_4x5.jpg,https://cdn.jsdelivr.net/gh/anders-coder/cashback-meta-feed@main/images/trive_a4c5d458_9x16.jpg",Trive,Skønhed & Pleje,highest,15 %,Skønhed & Pleje,online,15
019e1721-7f82-7208-9b11-5a47d0fa5211,Lauridsen Vine — 12 % cashback,"Lauridsen Vine er en dansk vinhandel og webshop, der forhandler et bredt udvalg af vin, spiritus og tilhørende produkter til både hverdag og fest.",in stock,new,0.00 DKK,https://cashbackmedvisa.dk/eshop/butikker/lauridsen-vine/019e1721-7f82-7208-9b11-5a47d0fa5211,https://cdn.jsdelivr.net/gh/anders-coder/cashback-meta-feed@main/images/lauridsen-vine_89ef2258_1x1.jpg,"https://cdn.jsdelivr.net/gh/anders-coder/cashback-meta-feed@main/images/lauridsen-vine_89ef2258_4x5.jpg,https://cdn.jsdelivr.net/gh/anders-coder/cashback-meta-feed@main/images/lauridsen-vine_89ef2258_9x16.jpg",Lauridsen Vine,Dagligvarer,highest,12 %,Dagligvarer,online,12
019e1724-a6d0-7148-9602-58211904b2ee,Øndig — 12 % cashback,"Vores udvalg af smykker er bredt og indeholder både elegante halskæder, funklende smykker og smykker med personlig indgravering. Hvad end du er på udkig efter et nyt smykke til dig selv, eller søger den perfekte gave, kan du finde smykker…",in stock,new,0.00 DKK,https://cashbackmedvisa.dk/eshop/butikker/ondig/019e1724-a6d0-7148-9602-58211904b2ee,https://cdn.jsdelivr.net/gh/anders-coder/cashback-meta-feed@main/images/ondig_a50f9c8f_1x1.jpg,"https://cdn.jsdelivr.net/gh/anders-coder/cashback-meta-feed@main/images/ondig_a50f9c8f_4x5.jpg,https://cdn.jsdelivr.net/gh/anders-coder/cashback-meta-feed@main/images/ondig_a50f9c8f_9x16.jpg",Øndig,Mode,highest,12 %,Mode,online,12
019fd6df-2f8f-72c4-83e0-c840186046bc,Care Copenhagen — 12 % cashback,"Care Copenhagen tilbyder innovative hårstylingsværktøjer i skandinavisk design, herunder multistylere, føntørrere og varmebørster, der gør det nemt at skabe salonresultater hjemme.",in stock,new,0.00 DKK,https://cashbackmedvisa.dk/eshop/butikker/care-copenhagen/019fd6df-2f8f-72c4-83e0-c840186046bc,https://cdn.jsdelivr.net/gh/anders-coder/cashback-meta-feed@main/images/care-copenhagen_f7e296ed_1x1.jpg,"https://cdn.jsdelivr.net/gh/anders-coder/cashback-meta-feed@main/images/care-copenhagen_f7e296ed_4x5.jpg,https://cdn.jsdelivr.net/gh/anders-coder/cashback-meta-feed@main/images/care-copenhagen_f7e296ed_9x16.jpg",Care Copenhagen,Skønhed & Pleje,highest,12 %,Skønhed & Pleje,online,12
019ffb16-5c62-7307-a16a-0f3fc250bb35,Lenson — 12 % cashback,"Lenson tilbyder kontaktlinser og linsetilbehør online, herunder endagslinser, månedslinser, toriske og progressive linser. Vilkår for denne partner: Du optjener ikke løbende cashback på abonnement, men kun på din første bestilling.",in stock,new,0.00 DKK,https://cashbackmedvisa.dk/eshop/butikker/lenson/019ffb16-5c62-7307-a16a-0f3fc250bb35,https://cdn.jsdelivr.net/gh/anders-coder/cashback-meta-feed@main/images/lenson_554475e5_1x1.jpg,"https://cdn.jsdelivr.net/gh/anders-coder/cashback-meta-feed@main/images/lenson_554475e5_4x5.jpg,https://cdn.jsdelivr.net/gh/anders-coder/cashback-meta-feed@main/images/lenson_554475e5_9x16.jpg",Lenson,Skønhed & Pleje,highest,12 %,Skønhed & Pleje,online,12
01a06680-7910-7363-8521-b64fd222228d,BruseFilteret — 12 % cashback,"BruseFilteret tilbyder brusefiltre og brusesæt, der reducerer kalkgener og filtrerer urenheder fra badevandet. Sortimentet omfatter Luksus og Premium brusesæt, udskiftningsfiltre, filterpatroner og brusetilbehør. Produkterne er udviklet…",in stock,new,0.00 DKK,https://cashbackmedvisa.dk/eshop/butikker/brusefilteret/01a06680-7910-7363-8521-b64fd222228d,https://cdn.jsdelivr.net/gh/anders-coder/cashback-meta-feed@main/images/brusefilteret_3cc935ad_1x1.jpg,"https://cdn.jsdelivr.net/gh/anders-coder/cashback-meta-feed@main/images/brusefilteret_3cc935ad_4x5.jpg,https://cdn.jsdelivr.net/gh/anders-coder/cashback-meta-feed@main/images/brusefilteret_3cc935ad_9x16.jpg",BruseFilteret,Bolig & have,highest,12 %,Bolig & have,online,12
01a066a8-6459-73f2-af62-0ba01ccfa1e6,SKNS — 12 % cashback,"SKNS er dansk hudpleje udviklet med fokus på videnskab, innovation og hudens naturlige mikrobiom. Sortimentet omfatter ansigtspleje, kropspleje og håndpleje såsom cremer, rens, masker, olier og deodoranter. Produkterne er udviklet og…",in stock,new,0.00 DKK,https://cashbackmedvisa.dk/eshop/butikker/skns/01a066a8-6459-73f2-af62-0ba01ccfa1e6,https://cdn.jsdelivr.net/gh/anders-coder/cashback-meta-feed@main/images/skns_a1ba6f0f_1x1.jpg,"https://cdn.jsdelivr.net/gh/anders-coder/cashback-meta-feed@main/images/skns_a1ba6f0f_4x5.jpg,https://cdn.jsdelivr.net/gh/anders-coder/cashback-meta-feed@main/images/skns_a1ba6f0f_9x16.jpg",SKNS,Skønhed & Pleje,highest,12 %,Skønhed & Pleje,online,12
01a0a533-8d25-700f-974b-d1a1dd411c3c,Soundliving — 12 % cashback,"Soundliving er et dansk brand, der forener lydteknologi med moderne skandinavisk design. Brandet har fokus på kvalitet, komfort og personlig stil og skaber produkter, hvor funktionalitet og æstetik går hånd i hånd.",in stock,new,0.00 DKK,https://cashbackmedvisa.dk/eshop/butikker/soundliving/01a0a533-8d25-700f-974b-d1a1dd411c3c,https://cdn.jsdelivr.net/gh/anders-coder/cashback-meta-feed@main/images/soundliving_b483502c_1x1.jpg,"https://cdn.jsdelivr.net/gh/anders-coder/cashback-meta-feed@main/images/soundliving_b483502c_4x5.jpg,https://cdn.jsdelivr.net/gh/anders-coder/cashback-meta-feed@main/images/soundliving_b483502c_9x16.jpg",Soundliving,Elektronik,highest,12 %,Elektronik,online,12
019e16f7-5dc4-7288-b96f-5578425d2902,Comforth Scandinavia — 10 % cashback,"Comforth Scandinavia er et dansk, familieejet firma etableret i 2020. Vores produkter er til dig, der går op i egen skønhed og velvære, og som ønsker at blive den smukkeste version af dig selv. Vi tilbyder innovative skønheds- og…",in stock,new,0.00 DKK,https://cashbackmedvisa.dk/eshop/butikker/comforth-scandinavia/019e16f7-5dc4-7288-b96f-5578425d2902,https://cdn.jsdelivr.net/gh/anders-coder/cashback-meta-feed@main/images/comforth-scandinavia_0c1c0554_1x1.jpg,"https://cdn.jsdelivr.net/gh/anders-coder/cashback-meta-feed@main/images/comforth-scandinavia_0c1c0554_4x5.jpg,https://cdn.jsdelivr.net/gh/anders-coder/cashback-meta-feed@main/images/comforth-scandinavia_0c1c0554_9x16.jpg",Comforth Scandinavia,Skønhed & Pleje,highest,10 %,Skønhed & Pleje,online,10
019e16fc-d963-7004-932f-e930c66a8555,iHero — 10 % cashback,"iHero ApS er en Dansk virksomhed, der er ejet af to unge iværksættere. Ejerne bag iHero har en stor interesse indenfor Apple produkter og gadgets generelt, det var også det der fik dem til at starte iHero ApS.",in stock,new,0.00 DKK,https://cashbackmedvisa.dk/eshop/butikker/ihero/019e16fc-d963-7004-932f-e930c66a8555,https://cdn.jsdelivr.net/gh/anders-coder/cashback-meta-feed@main/images/ihero_641d2bac_1x1.jpg,"https://cdn.jsdelivr.net/gh/anders-coder/cashback-meta-feed@main/images/ihero_641d2bac_4x5.jpg,https://cdn.jsdelivr.net/gh/anders-coder/cashback-meta-feed@main/images/ihero_641d2bac_9x16.jpg",iHero,Elektronik,highest,10 %,Elektronik,online,10
019e1700-acf2-733d-875a-f04a68d798ac,Cartel Copenhagen — 10 % cashback,"Copenhagen Cartel designer tidløst, bæredygtigt tøj til kvinder, der lever dynamiske og holistiske liv. Inspireret af havets styrke og skønhed skaber de produkter, der kombinerer komfort, kvalitet og elegance. Perfekt til alt fra yoga og…",in stock,new,0.00 DKK,https://cashbackmedvisa.dk/eshop/butikker/cartel-copenhagen/019e1700-acf2-733d-875a-f04a68d798ac,https://cdn.jsdelivr.net/gh/anders-coder/cashback-meta-feed@main/images/cartel-copenhagen_8c70829c_1x1.jpg,"https://cdn.jsdelivr.net/gh/anders-coder/cashback-meta-feed@main/images/cartel-copenhagen_8c70829c_4x5.jpg,https://cdn.jsdelivr.net/gh/anders-coder/cashback-meta-feed@main/images/cartel-copenhagen_8c70829c_9x16.jpg",Cartel Copenhagen,Mode,highest,10 %,Mode,online,10
019e1641-c6e5-7341-8857-f5fb12dd617a,Hotels.com — 6 % cashback,"Hotels.com gør det nemt at finde hoteller verden over. Sammenlign priser, læs anmeldelser og book overnatninger til både storbyferier, familieferier og spontane weekendture. Med appen får du ofte særlige tilbud, bonusovernatninger og…",in stock,new,0.00 DKK,https://cashbackmedvisa.dk/eshop/butikker/hotelscom/019e1641-c6e5-7341-8857-f5fb12dd617a,https://cdn.jsdelivr.net/gh/anders-coder/cashback-meta-feed@main/images/hotelscom_d5bc48aa_1x1.jpg,"https://cdn.jsdelivr.net/gh/anders-coder/cashback-meta-feed@main/images/hotelscom_d5bc48aa_4x5.jpg,https://cdn.jsdelivr.net/gh/anders-coder/cashback-meta-feed@main/images/hotelscom_d5bc48aa_9x16.jpg",Hotels.com,"Rejser, hotel & Transport",popular,6 %,"Rejser, hotel & Transport",online,06
0192d846-f9f1-7168-b28c-c415270d5c5e,Synoptik.dk — 5 % cashback,Synoptik er en af Danmarks største optikerkæder med over 100 butikker fordelt i hele landet.,in stock,new,0.00 DKK,https://cashbackmedvisa.dk/find-partnere?filter[s]=Synoptik,https://cdn.jsdelivr.net/gh/anders-coder/cashback-meta-feed@main/images/synoptik_72ec4d94_1x1.jpg,"https://cdn.jsdelivr.net/gh/anders-coder/cashback-meta-feed@main/images/synoptik_72ec4d94_4x5.jpg,https://cdn.jsdelivr.net/gh/anders-coder/cashback-meta-feed@main/images/synoptik_72ec4d94_9x16.jpg",Synoptik.dk,Optiker,popular,5 %,Optiker,physical,05
019e16a9-9fd2-70a6-abbc-cbe789964ac3,Matas — 5 % cashback,"Matas tilbyder et bredt udvalg af skønhedsprodukter, sundhed, personlig pleje og livsstil. Her finder du både kendte brands og egne produkter med hurtig levering, gode tilbud og professionel rådgivning online. Bemærk venligst: Du optjener…",in stock,new,0.00 DKK,https://cashbackmedvisa.dk/eshop/butikker/matas/019e16a9-9fd2-70a6-abbc-cbe789964ac3,https://cdn.jsdelivr.net/gh/anders-coder/cashback-meta-feed@main/images/matas_027907f8_1x1.jpg,"https://cdn.jsdelivr.net/gh/anders-coder/cashback-meta-feed@main/images/matas_027907f8_4x5.jpg,https://cdn.jsdelivr.net/gh/anders-coder/cashback-meta-feed@main/images/matas_027907f8_9x16.jpg",Matas,Skønhed & Pleje,popular,5 %,Skønhed & Pleje,online,05
019e1b1f-fc80-714a-95d4-8dad57277be7,HelloFresh — 300 kr cashback,Større smagsoplevelser end nogensinde med opskrifter fra hele verden. Tag på smagsrejse og spar op til 959 kr. + få gratis snacks i 3 måneder. Vilkår for denne partner Denne kampagne kan kun bruges en gang per medlem og gælder kun nye…,in stock,new,0.00 DKK,https://cashbackmedvisa.dk/eshop/butikker/hellofresh/019e1b1f-fc80-714a-95d4-8dad57277be7,https://cdn.jsdelivr.net/gh/anders-coder/cashback-meta-feed@main/images/hellofresh_c6631f5e_1x1.jpg,"https://cdn.jsdelivr.net/gh/anders-coder/cashback-meta-feed@main/images/hellofresh_c6631f5e_4x5.jpg,https://cdn.jsdelivr.net/gh/anders-coder/cashback-meta-feed@main/images/hellofresh_c6631f5e_9x16.jpg",HelloFresh,Dagligvarer,popular,300 kr,Dagligvarer,online,00
019e1617-18e6-715e-aa54-4e942e2a5570,Saxo Boghandel — 3 % cashback,"Saxo er landets største boghandel med et rigt udvalg af bøger. Vi har flere millioner danske og engelske titler på hylderne i alle genrer og i alle tilgængelige formater: Trykte bøger, e-bøger og lydbøger.",in stock,new,0.00 DKK,https://cashbackmedvisa.dk/eshop/butikker/saxo-boghandel/019e1617-18e6-715e-aa54-4e942e2a5570,https://cdn.jsdelivr.net/gh/anders-coder/cashback-meta-feed@main/images/saxo-boghandel_25804912_1x1.jpg,"https://cdn.jsdelivr.net/gh/anders-coder/cashback-meta-feed@main/images/saxo-boghandel_25804912_4x5.jpg,https://cdn.jsdelivr.net/gh/anders-coder/cashback-meta-feed@main/images/saxo-boghandel_25804912_9x16.jpg",Saxo Boghandel,Services,popular,3 %,Services,online,03
019e06d9-908d-7082-af88-4c8898ac7f2f,Mofibo — 70 kr cashback,"Én app - tusindvis af bøger. Gå på eventyr i et kæmpe udvalg med mere end 1 million titler indenfor alle genrer. Læs eller lyt på din smartphone og tablet, hvor i verden det passer dig. Via os får du adgang hele 70 dage (100 timer) til kun…",in stock,new,0.00 DKK,https://cashbackmedvisa.dk/eshop/butikker/mofibo/019e06d9-908d-7082-af88-4c8898ac7f2f,https://cdn.jsdelivr.net/gh/anders-coder/cashback-meta-feed@main/images/mofibo_299d1419_1x1.jpg,"https://cdn.jsdelivr.net/gh/anders-coder/cashback-meta-feed@main/images/mofibo_299d1419_4x5.jpg,https://cdn.jsdelivr.net/gh/anders-coder/cashback-meta-feed@main/images/mofibo_299d1419_9x16.jpg",Mofibo,Streaming,popular,70 kr,Streaming,online,00
019a0be3-4ede-7206-bad5-1f730a831417,Sony.dk — 5 % cashback,"Sony forener innovation, lyd og billede i japansk topkvalitet – oplev teknologi i verdensklasse. Ny kunde: +10 %.",in stock,new,0.00 DKK,https://cashbackmedvisa.dk/find-partnere?filter[s]=Sony,https://cdn.jsdelivr.net/gh/anders-coder/cashback-meta-feed@main/images/sony_17a7f617_1x1.jpg,"https://cdn.jsdelivr.net/gh/anders-coder/cashback-meta-feed@main/images/sony_17a7f617_4x5.jpg,https://cdn.jsdelivr.net/gh/anders-coder/cashback-meta-feed@main/images/sony_17a7f617_9x16.jpg",Sony.dk,Elektronik,popular,5 %,Elektronik,online,05
019e1691-3567-737e-ba03-20e8d56a9141,Intersport — 2 % cashback,"Hos INTERSPORT finder du alt til din træning for hele familien. Løb, svømning, yoga, fodbold, håndbold, cykling, gymnastik, og vi kunne blive ved.",in stock,new,0.00 DKK,https://cashbackmedvisa.dk/eshop/butikker/intersport/019e1691-3567-737e-ba03-20e8d56a9141,https://cdn.jsdelivr.net/gh/anders-coder/cashback-meta-feed@main/images/intersport_632767b2_1x1.jpg,"https://cdn.jsdelivr.net/gh/anders-coder/cashback-meta-feed@main/images/intersport_632767b2_4x5.jpg,https://cdn.jsdelivr.net/gh/anders-coder/cashback-meta-feed@main/images/intersport_632767b2_9x16.jpg",Intersport,Sport & Fitness,popular,2 %,Sport & Fitness,online,02
019e16fc-c90b-70af-b8f8-0cdcd00ea409,Lounge by Zalando — 4 % cashback,"Her byder hver dag på noget nyt. Oplev et udvalg på mere end 2.500 førende mode- og livsstilsmærker hver dag, og spar op til 75 %.",in stock,new,0.00 DKK,https://cashbackmedvisa.dk/eshop/butikker/zalando-lounge/019e16fc-c90b-70af-b8f8-0cdcd00ea409,https://cdn.jsdelivr.net/gh/anders-coder/cashback-meta-feed@main/images/zalando-lounge_8cdf2adc_1x1.jpg,"https://cdn.jsdelivr.net/gh/anders-coder/cashback-meta-feed@main/images/zalando-lounge_8cdf2adc_4x5.jpg,https://cdn.jsdelivr.net/gh/anders-coder/cashback-meta-feed@main/images/zalando-lounge_8cdf2adc_9x16.jpg",Lounge by Zalando,Mode,popular,4 %,Mode,online,04
019e1617-08c1-72dc-82a5-faf6853086a7,BabySam — 5 % cashback,"I BabySam får du stort udvalg af elementer til børneværelset, så du kan skabe rammerne for et sjovt og kreativt børneunivers. Derudover har BabySam alt, hvad du har brug for til dit barns garderobe samt alt i autostole, barnevogne m.m…",in stock,new,0.00 DKK,https://cashbackmedvisa.dk/eshop/butikker/babysam/019e1617-08c1-72dc-82a5-faf6853086a7,https://cdn.jsdelivr.net/gh/anders-coder/cashback-meta-feed@main/images/babysam_3beef881_1x1.jpg,"https://cdn.jsdelivr.net/gh/anders-coder/cashback-meta-feed@main/images/babysam_3beef881_4x5.jpg,https://cdn.jsdelivr.net/gh/anders-coder/cashback-meta-feed@main/images/babysam_3beef881_9x16.jpg",BabySam,Børn,popular,5 %,Børn,online,05
019e168b-b343-735f-b95b-eea43e437b73,Apopro — 5 % cashback,"Hos Apopro har vi det ene formål, at gøre apoteksvarer tilgængelige for alle danskere. Det skal være nemt og trygt for dig at bestille dine apoteksvarer og din receptmedicin. Bemærk venligst: Der kan ikke optjenes bonus på medicin og/eller…",in stock,new,0.00 DKK,https://cashbackmedvisa.dk/eshop/butikker/apopro/019e168b-b343-735f-b95b-eea43e437b73,https://cdn.jsdelivr.net/gh/anders-coder/cashback-meta-feed@main/images/apopro_d0dea118_1x1.jpg,"https://cdn.jsdelivr.net/gh/anders-coder/cashback-meta-feed@main/images/apopro_d0dea118_4x5.jpg,https://cdn.jsdelivr.net/gh/anders-coder/cashback-meta-feed@main/images/apopro_d0dea118_9x16.jpg",Apopro,Skønhed & Pleje,popular,5 %,Skønhed & Pleje,online,05
01a0f6cf-fcb6-70e3-8a54-081bc6636f6b,Biotics — 150 kr cashback,"Biotics fokuserer på kosttilskud med nøje udvalgte ingredienser og et sundhedsorienteret koncept. Brandet henvender sig til dig, der ønsker at integrere målrettet ernæring og velvære i hverdagen. Vilkår for denne partner Denne kampagne kan…",in stock,new,0.00 DKK,https://cashbackmedvisa.dk/eshop/butikker/biotics/01a0f6cf-fcb6-70e3-8a54-081bc6636f6b,https://cdn.jsdelivr.net/gh/anders-coder/cashback-meta-feed@main/images/biotics_bbc7f43e_1x1.jpg,"https://cdn.jsdelivr.net/gh/anders-coder/cashback-meta-feed@main/images/biotics_bbc7f43e_4x5.jpg,https://cdn.jsdelivr.net/gh/anders-coder/cashback-meta-feed@main/images/biotics_bbc7f43e_9x16.jpg",Biotics,Webshop,newest,150 kr,Webshop,online,00
01a0f732-ac0b-735a-b898-0f6509208d36,Dansk Bilglas — 5 % cashback,Reparation af Stenslag i hele landet,in stock,new,0.00 DKK,https://cashbackmedvisa.dk/find-partnere?filter[s]=Dansk%20Bilglas,https://cdn.jsdelivr.net/gh/anders-coder/cashback-meta-feed@main/images/dansk-bilglas_75fd8700_1x1.jpg,"https://cdn.jsdelivr.net/gh/anders-coder/cashback-meta-feed@main/images/dansk-bilglas_75fd8700_4x5.jpg,https://cdn.jsdelivr.net/gh/anders-coder/cashback-meta-feed@main/images/dansk-bilglas_75fd8700_9x16.jpg",Dansk Bilglas,Alt til bilen,newest,5 %,Alt til bilen,physical,05
01a0f6c8-f4db-700c-b35f-22667ffe6659,Steelseries — 2 % cashback,"SteelSeries er et internationalt gamingbrand, der kombinerer præcision, innovation og kvalitet. Brandet udvikler gennemtestet udstyr til gamere og esportsudøvere med fokus på performance, komfort og avanceret teknologi.",in stock,new,0.00 DKK,https://cashbackmedvisa.dk/eshop/butikker/steelseries/01a0f6c8-f4db-700c-b35f-22667ffe6659,https://cdn.jsdelivr.net/gh/anders-coder/cashback-meta-feed@main/images/steelseries_9e4f7c69_1x1.jpg,"https://cdn.jsdelivr.net/gh/anders-coder/cashback-meta-feed@main/images/steelseries_9e4f7c69_4x5.jpg,https://cdn.jsdelivr.net/gh/anders-coder/cashback-meta-feed@main/images/steelseries_9e4f7c69_9x16.jpg",Steelseries,Elektronik,newest,2 %,Elektronik,online,02
01a0d260-01ab-7136-bc84-d2401baa9acc,Kitzchen.dk — 10 % cashback,"Burgere, buffet og håndlavet is i Middelfart Ny kunde: +15 %.",in stock,new,0.00 DKK,https://cashbackmedvisa.dk/find-partnere?filter[s]=Kitzchen,https://cdn.jsdelivr.net/gh/anders-coder/cashback-meta-feed@main/images/kitzchen_a409f1a1_1x1.jpg,"https://cdn.jsdelivr.net/gh/anders-coder/cashback-meta-feed@main/images/kitzchen_a409f1a1_4x5.jpg,https://cdn.jsdelivr.net/gh/anders-coder/cashback-meta-feed@main/images/kitzchen_a409f1a1_9x16.jpg",Kitzchen.dk,Restaurant & café,newest,10 %,Restaurant & café,online_physical,10
01a0f6c1-8086-7362-a4cd-1c45ee38ec54,Føniks Computer — 1 % cashback,"Føniks Computer er en dansk specialist inden for IT og elektronik med fokus på kvalitet, konkurrencedygtige priser og løsninger til både private, gamere og professionelle.",in stock,new,0.00 DKK,https://cashbackmedvisa.dk/eshop/butikker/foniks-computer/01a0f6c1-8086-7362-a4cd-1c45ee38ec54,https://cdn.jsdelivr.net/gh/anders-coder/cashback-meta-feed@main/images/foniks-computer_2199a401_1x1.jpg,"https://cdn.jsdelivr.net/gh/anders-coder/cashback-meta-feed@main/images/foniks-computer_2199a401_4x5.jpg,https://cdn.jsdelivr.net/gh/anders-coder/cashback-meta-feed@main/images/foniks-computer_2199a401_9x16.jpg",Føniks Computer,Elektronik,newest,1 %,Elektronik,online,01
01a0d33b-6f25-7068-98e7-fafc71c0c04f,272Bed&Breakfast.dk — 5 % cashback,Book roen: lyse værelser og morgenbuffet,in stock,new,0.00 DKK,https://cashbackmedvisa.dk/find-partnere?filter[s]=272Bed%26Breakfast,https://cdn.jsdelivr.net/gh/anders-coder/cashback-meta-feed@main/images/272-bed-breakfast_3f79e41e_1x1.jpg,"https://cdn.jsdelivr.net/gh/anders-coder/cashback-meta-feed@main/images/272-bed-breakfast_3f79e41e_4x5.jpg,https://cdn.jsdelivr.net/gh/anders-coder/cashback-meta-feed@main/images/272-bed-breakfast_3f79e41e_9x16.jpg",272Bed&Breakfast.dk,"Rejser, hotel & transport",newest,5 %,"Rejser, hotel & transport",online_physical,05
01a0ed76-6eb6-708b-8986-8f74f503fc0a,Bubliq — 8 % cashback,"Bubliq er et dansk designbrand, der kombinerer funktionalitet, æstetik og bæredygtighed. Brandet gør det nemt at nyde hjemmelavet danskvand og lægger vægt på stilfulde, genanvendelige løsninger til en moderne hverdag. Vilkår for denne…",in stock,new,0.00 DKK,https://cashbackmedvisa.dk/eshop/butikker/bubliq/01a0ed76-6eb6-708b-8986-8f74f503fc0a,https://cdn.jsdelivr.net/gh/anders-coder/cashback-meta-feed@main/images/bubliq_5d824eeb_1x1.jpg,"https://cdn.jsdelivr.net/gh/anders-coder/cashback-meta-feed@main/images/bubliq_5d824eeb_4x5.jpg,https://cdn.jsdelivr.net/gh/anders-coder/cashback-meta-feed@main/images/bubliq_5d824eeb_9x16.jpg",Bubliq,Bolig & have,newest,8 %,Bolig & have,online,08
01a0d2a2-02c3-714e-8f11-d15feb24ccfa,KrammerRart.dk — 5 % cashback,Bland selv de blødeste hagesmække til de små,in stock,new,0.00 DKK,https://cashbackmedvisa.dk/find-partnere?filter[s]=KrammerRart,https://cdn.jsdelivr.net/gh/anders-coder/cashback-meta-feed@main/images/krammerart_50208df7_1x1.jpg,"https://cdn.jsdelivr.net/gh/anders-coder/cashback-meta-feed@main/images/krammerart_50208df7_4x5.jpg,https://cdn.jsdelivr.net/gh/anders-coder/cashback-meta-feed@main/images/krammerart_50208df7_9x16.jpg",KrammerRart.dk,Børn,newest,5 %,Børn,online,05
01a0d289-5ca1-723d-a37e-9435d002e7fd,LivingFlowers.dk — 5 % cashback,"Blomster der holder i månedsvis, ikke dage Ny kunde: +7 %.",in stock,new,0.00 DKK,https://cashbackmedvisa.dk/find-partnere?filter[s]=LivingFlowers,https://cdn.jsdelivr.net/gh/anders-coder/cashback-meta-feed@main/images/living-flowers_f39d4d9b_1x1.jpg,"https://cdn.jsdelivr.net/gh/anders-coder/cashback-meta-feed@main/images/living-flowers_f39d4d9b_4x5.jpg,https://cdn.jsdelivr.net/gh/anders-coder/cashback-meta-feed@main/images/living-flowers_f39d4d9b_9x16.jpg",LivingFlowers.dk,Bolig & have,newest,5 %,Bolig & have,online,05
01a0d28b-4859-7115-a345-cde2591d6f10,Maria Nila — 6 % cashback,"Maria Nila er et svensk hårplejebrand med fokus på professionel kvalitet, innovation og veganske produkter. Brandet kombinerer skandinavisk design med effektive formuleringer og en stærk ambition om at skabe mere ansvarlige løsninger til…",in stock,new,0.00 DKK,https://cashbackmedvisa.dk/eshop/butikker/maria-nila/01a0d28b-4859-7115-a345-cde2591d6f10,https://cdn.jsdelivr.net/gh/anders-coder/cashback-meta-feed@main/images/maria-nila_660ec711_1x1.jpg,"https://cdn.jsdelivr.net/gh/anders-coder/cashback-meta-feed@main/images/maria-nila_660ec711_4x5.jpg,https://cdn.jsdelivr.net/gh/anders-coder/cashback-meta-feed@main/images/maria-nila_660ec711_9x16.jpg",Maria Nila,Skønhed & Pleje,newest,6 %,Skønhed & Pleje,online,06
01a0d242-570f-71ef-a6f3-767bba0604e6,KcalCollective.dk — 5 % cashback,"Træningstøj, der følger dit tempo Ny kunde: +10 %.",in stock,new,0.00 DKK,https://cashbackmedvisa.dk/find-partnere?filter[s]=KcalCollective,https://cdn.jsdelivr.net/gh/anders-coder/cashback-meta-feed@main/images/kcal-collective_9100c474_1x1.jpg,"https://cdn.jsdelivr.net/gh/anders-coder/cashback-meta-feed@main/images/kcal-collective_9100c474_4x5.jpg,https://cdn.jsdelivr.net/gh/anders-coder/cashback-meta-feed@main/images/kcal-collective_9100c474_9x16.jpg",KcalCollective.dk,Mode,newest,5 %,Mode,online,05
01a0d278-b985-7180-bb97-18a9182be3c6,Aarke — 6 % cashback,"Aarke er et svensk designbrand, der kombinerer funktionalitet, kvalitet og skandinavisk æstetik. Brandet udvikler stilfulde løsninger til hjemmet med fokus på holdbarhed, gennemtænkt design og en mere elegant tilgang til hverdagens rutiner.",in stock,new,0.00 DKK,https://cashbackmedvisa.dk/eshop/butikker/aarke/01a0d278-b985-7180-bb97-18a9182be3c6,https://cdn.jsdelivr.net/gh/anders-coder/cashback-meta-feed@main/images/aarke_7747350a_1x1.jpg,"https://cdn.jsdelivr.net/gh/anders-coder/cashback-meta-feed@main/images/aarke_7747350a_4x5.jpg,https://cdn.jsdelivr.net/gh/anders-coder/cashback-meta-feed@main/images/aarke_7747350a_9x16.jpg",Aarke,Bolig & have,newest,6 %,Bolig & have,online,06
01a0d26d-2352-70ac-af4f-040a79b19e50,DeepSeaPharma.dk — 10 % cashback,Øjenvitaminer der passer på dit syn,in stock,new,0.00 DKK,https://cashbackmedvisa.dk/find-partnere?filter[s]=DeepSeaPharma,https://cdn.jsdelivr.net/gh/anders-coder/cashback-meta-feed@main/images/deepseapharma_f8b6ce9d_1x1.jpg,"https://cdn.jsdelivr.net/gh/anders-coder/cashback-meta-feed@main/images/deepseapharma_f8b6ce9d_4x5.jpg,https://cdn.jsdelivr.net/gh/anders-coder/cashback-meta-feed@main/images/deepseapharma_f8b6ce9d_9x16.jpg",DeepSeaPharma.dk,Skønhed & pleje,newest,10 %,Skønhed & pleje,online,10
01a0cdf8-551d-7392-b4e3-2b143a6973fc,Steamery — 6 % cashback,"Steamery er et svensk designbrand, der kombinerer funktionalitet, skandinavisk æstetik og innovation. Brandet udvikler moderne løsninger til tøjpleje, der gør det nemmere at vedligeholde, forlænge levetiden og bevare følelsen af velplejet…",in stock,new,0.00 DKK,https://cashbackmedvisa.dk/eshop/butikker/steamery/01a0cdf8-551d-7392-b4e3-2b143a6973fc,https://cdn.jsdelivr.net/gh/anders-coder/cashback-meta-feed@main/images/steamery_bfebe787_1x1.jpg,"https://cdn.jsdelivr.net/gh/anders-coder/cashback-meta-feed@main/images/steamery_bfebe787_4x5.jpg,https://cdn.jsdelivr.net/gh/anders-coder/cashback-meta-feed@main/images/steamery_bfebe787_9x16.jpg",Steamery,Bolig & have,newest,6 %,Bolig & have,online,06
01a0c81f-d623-7201-8681-6977387a1089,Bokseshoppen — 6 % cashback,"Bokseshoppen er specialiseret i udstyr til boksning og kampsport med fokus på kvalitet, funktionalitet og sikkerhed. Webshoppen henvender sig til både begyndere og erfarne udøvere, der ønsker pålideligt udstyr til træning, sparring og…",in stock,new,0.00 DKK,https://cashbackmedvisa.dk/eshop/butikker/bokseshoppen/01a0c81f-d623-7201-8681-6977387a1089,https://cdn.jsdelivr.net/gh/anders-coder/cashback-meta-feed@main/images/bokseshoppen_e98aca25_1x1.jpg,"https://cdn.jsdelivr.net/gh/anders-coder/cashback-meta-feed@main/images/bokseshoppen_e98aca25_4x5.jpg,https://cdn.jsdelivr.net/gh/anders-coder/cashback-meta-feed@main/images/bokseshoppen_e98aca25_9x16.jpg",Bokseshoppen,Sport & Fitness,catalog,6 %,Sport & Fitness,online,06
019e168c-a4b8-7350-aa00-5e7792007653,Early Bird — 5 % cashback,"På earlybird.dk sælges dagens ledige borde fra mere end 75 af de bedste restauranter - altid med 1/3 skåret af prisen! Early Bird går op i kvalitet og håndplukker sine samarbejdsrestauranter, så gæsterne er sikre på gode spiseoplevelser…",in stock,new,0.00 DKK,https://cashbackmedvisa.dk/eshop/butikker/early-bird/019e168c-a4b8-7350-aa00-5e7792007653,https://cdn.jsdelivr.net/gh/anders-coder/cashback-meta-feed@main/images/early-bird_47c586f5_1x1.jpg,"https://cdn.jsdelivr.net/gh/anders-coder/cashback-meta-feed@main/images/early-bird_47c586f5_4x5.jpg,https://cdn.jsdelivr.net/gh/anders-coder/cashback-meta-feed@main/images/early-bird_47c586f5_9x16.jpg",Early Bird,Dagligvarer,catalog,5 %,Dagligvarer,online,05
019e171d-4693-7254-86e2-afe915315995,Fodplejebutikken — 8 % cashback,"Fodplejebutikken.dk er en dansk webshop, der tilbyder udstyr og produkter til fodpleje, velvære og sundhed – til både professionelle og privatbrugere.",in stock,new,0.00 DKK,https://cashbackmedvisa.dk/eshop/butikker/fodplejebutikken/019e171d-4693-7254-86e2-afe915315995,https://cdn.jsdelivr.net/gh/anders-coder/cashback-meta-feed@main/images/fodplejebutikken_367aab2f_1x1.jpg,"https://cdn.jsdelivr.net/gh/anders-coder/cashback-meta-feed@main/images/fodplejebutikken_367aab2f_4x5.jpg,https://cdn.jsdelivr.net/gh/anders-coder/cashback-meta-feed@main/images/fodplejebutikken_367aab2f_9x16.jpg",Fodplejebutikken,Skønhed & Pleje,catalog,8 %,Skønhed & Pleje,online,08
01a06116-2ecd-707e-9339-72f1eecea0a2,GR88 — 8 % cashback,"GR88 er et dansk herretøjsbrand med fokus på kvalitet, komfort og tidløst design. Sortimentet omfatter blandt andet skjorter, strik, poloer, bukser, jeans, blazere, jakkesæt, jakker og frakker i kvalitetsmaterialer som merinould, cashmere…",in stock,new,0.00 DKK,https://cashbackmedvisa.dk/eshop/butikker/gr88/01a06116-2ecd-707e-9339-72f1eecea0a2,https://cdn.jsdelivr.net/gh/anders-coder/cashback-meta-feed@main/images/gr88_491c9eb2_1x1.jpg,"https://cdn.jsdelivr.net/gh/anders-coder/cashback-meta-feed@main/images/gr88_491c9eb2_4x5.jpg,https://cdn.jsdelivr.net/gh/anders-coder/cashback-meta-feed@main/images/gr88_491c9eb2_9x16.jpg",GR88,Mode,catalog,8 %,Mode,online,08
019e0789-07ce-71d7-b6dc-a99d349d3ef9,Homeshop — 1 % cashback,"Homeshop.dk er en del af XL-BYG Kjellerup og har mere end 15 års erfaring som trælast og byggemarked. Her finder du Danmarks største udvalg af grill og tilbehør. Du finder alt til haven, huset og værkstedet.",in stock,new,0.00 DKK,https://cashbackmedvisa.dk/eshop/butikker/homeshop/019e0789-07ce-71d7-b6dc-a99d349d3ef9,https://cdn.jsdelivr.net/gh/anders-coder/cashback-meta-feed@main/images/homeshop_40f10603_1x1.jpg,"https://cdn.jsdelivr.net/gh/anders-coder/cashback-meta-feed@main/images/homeshop_40f10603_4x5.jpg,https://cdn.jsdelivr.net/gh/anders-coder/cashback-meta-feed@main/images/homeshop_40f10603_9x16.jpg",Homeshop,Bolig & have,catalog,1 %,Bolig & have,online,01
01a0b4bc-bb78-73cd-95ca-acf1846b17e0,House Lab — 6 % cashback,"House Lab er en moderne dansk interiørbutik med fokus på stilfuldt design, funktionalitet og personlig boligindretning. Sortimentet samler populære designbrands og skaber inspiration til et hjem med karakter, kvalitet og tidløse detaljer.",in stock,new,0.00 DKK,https://cashbackmedvisa.dk/eshop/butikker/house-lab/01a0b4bc-bb78-73cd-95ca-acf1846b17e0,https://cdn.jsdelivr.net/gh/anders-coder/cashback-meta-feed@main/images/house-lab_662119d3_1x1.jpg,"https://cdn.jsdelivr.net/gh/anders-coder/cashback-meta-feed@main/images/house-lab_662119d3_4x5.jpg,https://cdn.jsdelivr.net/gh/anders-coder/cashback-meta-feed@main/images/house-lab_662119d3_9x16.jpg",House Lab,Bolig & have,catalog,6 %,Bolig & have,online,06
019e16ea-572a-7129-995a-8d5549caa48a,Interhome — 5 % cashback,"Book mere end 34.000 kvalitets-testede ferieboliger og lejligheder online. Hvad enten det er en bjerghytte, villa med pool, by lejlighed eller slot – du leder efter, kan du finde det hele hos Interhome. Interhome tilbyder god kundeservice…",in stock,new,0.00 DKK,https://cashbackmedvisa.dk/eshop/butikker/interhome/019e16ea-572a-7129-995a-8d5549caa48a,https://cdn.jsdelivr.net/gh/anders-coder/cashback-meta-feed@main/images/interhome_06b02a06_1x1.jpg,"https://cdn.jsdelivr.net/gh/anders-coder/cashback-meta-feed@main/images/interhome_06b02a06_4x5.jpg,https://cdn.jsdelivr.net/gh/anders-coder/cashback-meta-feed@main/images/interhome_06b02a06_9x16.jpg",Interhome,"Rejser, hotel & Transport",catalog,5 %,"Rejser, hotel & Transport",online,05
019ffb22-c8aa-738c-8770-d0a88d5a0bf3,Lebara — 80 kr cashback,"Lebara tilbyder billige mobilabonnementer og mobilt bredbånd med data, taletid, SMS og EU-roaming. Sortimentet omfatter også SIM-kort, eSIM og løsninger til internationale opkald og rejser.",in stock,new,0.00 DKK,https://cashbackmedvisa.dk/eshop/butikker/lebara/019ffb22-c8aa-738c-8770-d0a88d5a0bf3,https://cdn.jsdelivr.net/gh/anders-coder/cashback-meta-feed@main/images/lebara_42bebcba_1x1.jpg,"https://cdn.jsdelivr.net/gh/anders-coder/cashback-meta-feed@main/images/lebara_42bebcba_4x5.jpg,https://cdn.jsdelivr.net/gh/anders-coder/cashback-meta-feed@main/images/lebara_42bebcba_9x16.jpg",Lebara,Mobiltelefoni,catalog,80 kr,Mobiltelefoni,online,00
01a0c843-ac3a-7173-bb04-9a023e44968b,Musclepain — 8 % cashback,"Musclepain fokuserer på produkter til muskelpleje, restitution og velvære. Brandet kombinerer funktionalitet og brugervenlighed for at gøre det nemmere at pleje kroppen efter træning og i en aktiv hverdag.",in stock,new,0.00 DKK,https://cashbackmedvisa.dk/eshop/butikker/musclepain/01a0c843-ac3a-7173-bb04-9a023e44968b,https://cdn.jsdelivr.net/gh/anders-coder/cashback-meta-feed@main/images/musclepain_1155d602_1x1.jpg,"https://cdn.jsdelivr.net/gh/anders-coder/cashback-meta-feed@main/images/musclepain_1155d602_4x5.jpg,https://cdn.jsdelivr.net/gh/anders-coder/cashback-meta-feed@main/images/musclepain_1155d602_9x16.jpg",Musclepain,Skønhed & Pleje,catalog,8 %,Skønhed & Pleje,online,08
019e1617-087c-73dc-990d-af1f94bc8ee7,Sephora — 6 % cashback,"Oplev Sephoras fantastiske udvalg online - Sephora har alt til din makeup, hudpleje og duft. På Sephora finder du eksklusive mærker som Fenty Beauty by Rihanna, Too Faced, BECCA, Benefit, Sephora Collection og mange flere.",in stock,new,0.00 DKK,https://cashbackmedvisa.dk/eshop/butikker/sephora/019e1617-087c-73dc-990d-af1f94bc8ee7,https://cdn.jsdelivr.net/gh/anders-coder/cashback-meta-feed@main/images/sephora_946934a6_1x1.jpg,"https://cdn.jsdelivr.net/gh/anders-coder/cashback-meta-feed@main/images/sephora_946934a6_4x5.jpg,https://cdn.jsdelivr.net/gh/anders-coder/cashback-meta-feed@main/images/sephora_946934a6_9x16.jpg",Sephora,Skønhed & Pleje,catalog,6 %,Skønhed & Pleje,online,06
019e1705-00eb-7186-9a30-8203a5b5f7d5,Smykkekæden — 5 % cashback,"mykkekæden er en dansk smykkeforhandler, der tilbyder et bredt udvalg af smykker i høj kvalitet til konkurrencedygtige priser. Deres sortiment omfatter smykker i sølv, forgyldt sølv samt 8, 14 og 18 karat guld, både med og uden diamanter.",in stock,new,0.00 DKK,https://cashbackmedvisa.dk/eshop/butikker/smykkekaeden/019e1705-00eb-7186-9a30-8203a5b5f7d5,https://cdn.jsdelivr.net/gh/anders-coder/cashback-meta-feed@main/images/smykkekaeden_c3507dff_1x1.jpg,"https://cdn.jsdelivr.net/gh/anders-coder/cashback-meta-feed@main/images/smykkekaeden_c3507dff_4x5.jpg,https://cdn.jsdelivr.net/gh/anders-coder/cashback-meta-feed@main/images/smykkekaeden_c3507dff_9x16.jpg",Smykkekæden,Mode,catalog,5 %,Mode,online,05
019e1724-a546-73a5-8804-d7c6051d289b,Støvsugerbanden — 5 % cashback,"Hos Støvsugerbanden har vi et stort udvalg af støvsugere og tilbehør. Vi forhandler de kendte mærker til fornuftige priser, og vi har selvfølgelig 2 års garanti på vores produkter. Vi tilbyder reparation og service, af alle støvsuger…",in stock,new,0.00 DKK,https://cashbackmedvisa.dk/eshop/butikker/stovsugerbanden/019e1724-a546-73a5-8804-d7c6051d289b,https://cdn.jsdelivr.net/gh/anders-coder/cashback-meta-feed@main/images/stovsugerbanden_a55cdaa0_1x1.jpg,"https://cdn.jsdelivr.net/gh/anders-coder/cashback-meta-feed@main/images/stovsugerbanden_a55cdaa0_4x5.jpg,https://cdn.jsdelivr.net/gh/anders-coder/cashback-meta-feed@main/images/stovsugerbanden_a55cdaa0_9x16.jpg",Støvsugerbanden,Bolig & have,catalog,5 %,Bolig & have,online,05
01a0c850-567e-737f-93c0-8e33c9546767,Supplipet — 6 % cashback,"SuppliPet er en dansk virksomhed med fokus på naturlige kosttilskud til kæledyr. Produkterne udvikles i samarbejde med ernæringseksperter og produceres i EU med fokus på kvalitet, naturlige ingredienser og kæledyrenes daglige velvære.",in stock,new,0.00 DKK,https://cashbackmedvisa.dk/eshop/butikker/supplipet/01a0c850-567e-737f-93c0-8e33c9546767,https://cdn.jsdelivr.net/gh/anders-coder/cashback-meta-feed@main/images/supplipet_b8ce9155_1x1.jpg,"https://cdn.jsdelivr.net/gh/anders-coder/cashback-meta-feed@main/images/supplipet_b8ce9155_4x5.jpg,https://cdn.jsdelivr.net/gh/anders-coder/cashback-meta-feed@main/images/supplipet_b8ce9155_9x16.jpg",Supplipet,Dyr,catalog,6 %,Dyr,online,06
019e16ea-51a6-7288-8139-c4898ed8ce79,Telenor Bredbånd — 250 kr cashback,Sæt hastigheden op med 5G Internet eller Fiber fra Telenor. Hos Telenor er det slut med langsomt internet. Her kan du få billigt internet uden at gå på kompromis med kvaliteten. Du får nemlig en både hurtig og stabil forbindelse til en…,in stock,new,0.00 DKK,https://cashbackmedvisa.dk/eshop/butikker/telenor-bredband/019e16ea-51a6-7288-8139-c4898ed8ce79,https://cdn.jsdelivr.net/gh/anders-coder/cashback-meta-feed@main/images/telenor-bredband_6679617b_1x1.jpg,"https://cdn.jsdelivr.net/gh/anders-coder/cashback-meta-feed@main/images/telenor-bredband_6679617b_4x5.jpg,https://cdn.jsdelivr.net/gh/anders-coder/cashback-meta-feed@main/images/telenor-bredband_6679617b_9x16.jpg",Telenor Bredbånd,Services,catalog,250 kr,Services,online,00
019e1b3f-b8a6-722c-9487-e28148ea8a1c,Witt — 5 % cashback,"På wittshop.dk finder dine brugere alt fra prisvindende juicepressere og high-end køkkenmaskiner til de nyeste pizzaovne og produkter til personlig pleje. Vi håndplukker de mest innovative brands som Sage, Everdure by Heston Blumenthal…",in stock,new,0.00 DKK,https://cashbackmedvisa.dk/eshop/butikker/witt/019e1b3f-b8a6-722c-9487-e28148ea8a1c,https://cdn.jsdelivr.net/gh/anders-coder/cashback-meta-feed@main/images/witt_19b9c397_1x1.jpg,"https://cdn.jsdelivr.net/gh/anders-coder/cashback-meta-feed@main/images/witt_19b9c397_4x5.jpg,https://cdn.jsdelivr.net/gh/anders-coder/cashback-meta-feed@main/images/witt_19b9c397_9x16.jpg",Witt,Bolig & have,catalog,5 %,Bolig & have,online,05
